Romans 1:16,The gospel is the power of God for salvation.
Romans 3:23,All have sinned and fall short of the glory of God.
Romans 5:8,God demonstrates His love for us in Christ's death.
Romans 6:23,The gift of God is eternal life through Jesus Christ.
Romans 8:1,There is no condemnation for those in Christ Jesus.
Romans 8:28,All things work together for good to those who love God.
Romans 8:37,We are more than conquerors through Christ who loved us.
Romans 10:9,"Confess with your mouth, believe in your heart."
Romans 12:2,Be transformed by renewing your mind.
Romans 12:21,Overcome evil with good.
Romans 13:8,Owe no one anything except to love one another.
Romans 14:17,"The kingdom of God is righteousness, peace, and joy."
Romans 15:7,Accept one another as Christ accepted you.
Romans 15:13,May the God of hope fill you with all joy and peace.
Romans 16:17,Watch out for those who cause divisions and offenses.
Romans 1:16,The gospel is the power of God for salvation.
Romans 3:23,All have sinned and fall short of the glory of God.
Romans 5:8,God demonstrates His love for us in Christ's death.
Romans 6:23,The gift of God is eternal life through Jesus Christ.
Romans 8:1,There is no condemnation for those in Christ Jesus.
Romans 8:28,All things work together for good to those who love God.
Romans 8:37,We are more than conquerors through Christ who loved us.
Romans 10:9,"Confess with your mouth, believe in your heart."
Romans 12:2,Be transformed by renewing your mind.
Romans 12:21,Overcome evil with good.
Romans 13:8,Owe no one anything except to love one another.
Romans 14:17,"The kingdom of God is righteousness, peace, and joy."
Romans 15:7,Accept one another as Christ accepted you.
Romans 15:13,May the God of hope fill you with all joy and peace.
Romans 16:17,Watch out for those who cause divisions and offenses.